Wind Resource Bins,Max Capacity (MW)
22,704.1698003
24,1874.139645
25,1865.443244
26,3657.693836
27,9919.092037
28,11013.63821
29,11796.6438
30,6227.570761
31,8667.993503
32,10349.01924
33,16033.04994
34,11323.36494
35,15787.14872
